{"cameraMode":{"drawMode":0,"name":"Shaded","section":"Shading Mode"},"sceneLighting":false,"audioPlay":false,"sceneViewState":{"showFog":true,"showMaterialUpdate":false,"showSkybox":false,"showFlares":true,"showImageEffects":true,"showParticleSystems":true},"in2DMode":false,"pivot":{"x":0.7719231843948364,"y":1.5815409421920777,"z":-2.9748857021331789},"rotation":{"x":-0.18317905068397523,"y":0.14597530663013459,"z":-0.027516134083271028,"w":-0.971794068813324},"size":2.8578836917877199,"orthographic":false}