{"cameraMode":{"drawMode":0,"name":"Shaded","section":"Shading Mode"},"sceneLighting":false,"audioPlay":false,"sceneViewState":{"showFog":true,"showMaterialUpdate":false,"showSkybox":false,"showFlares":true,"showImageEffects":true,"showParticleSystems":true},"in2DMode":false,"pivot":{"x":-0.16852474212646485,"y":2.074887752532959,"z":-3.3052902221679689},"rotation":{"x":-0.0909537598490715,"y":0.323104590177536,"z":-0.0312148779630661,"w":-0.9414672255516052},"size":2.8578836917877199,"orthographic":false}